Giotto,K.Q.G,07414
Thinn,G.T.T,55508
Gorgler,S.T.G,72968
England,I.W.E,76834
Minmagh,Z.M,46044
Austin,V.A,24032
Cattemull,O.E.C,26737
Grishagin,Y.P.G,98446
Meneghi,K.Z.M,28962
Harbard,P.H,40530
Cozens,W.S.C,46445
Kinneally,M.K,33030
Galland,K.G,25726
Macourek,V.M,01626
Rable,Y.R,19915
Bavidge,Q.B,71252
Emett,D.W.V.E,77875
Pedroni,E.P,16548
Biddell,R.Q.B,23710
Haime,T.J.Y.H,82237
Spering,H.J.T.S,37713
Durran,E.D,93018
Brundell,J.B,25598
McArthur,S.W.Z.M,26302
Tinwell,G.T,63595
Pavinese,W.O.P,03580
Kirvell,Q.G.K,06061
Sooley,R.S.S,74801
Kohtler,R.U.K,35091
Snazel,E.S,38333
Peracco,L.P,91328
Medmore,X.M.M,83461
Gayler,H.G,92450
Dragon,G.D,73029
Tourville,R.J.T,46518
Climance,V.P.C,88735
MacRinn,U.G.S.M,55713
Borrett,P.B,09126
O'Gready,Z.S.O,39633
Smewings,W.S,52368
Binch,X.B,74325
Graysmark,F.H.G,58372
Dreelan,D.D,49771
MacArte,E.Z.M,25533
McGhie,E.M,28502
Walisiak,Z.W,60539
Cabane,R.V.I.C,72758
Lentsch,D.B.L,07085
Ambrogiotti,I.A,09389
Langdridge,M.L,33169
Chaperling,E.D.C,68587
Banting,O.F.B,74661
Carvilla,U.C,35677
Ren,U.R,25200
Reubens,K.R,84289
Rennebeck,A.R,86444
Mathews,O.N.N.M,56982
Eymer,K.V.E,33641
Relph,A.R,96430
Wortt,B.W.W,54005
Malpas,V.M,90739
Haire,S.V.H,49624
Ledward,B.L,14660
Touret,A.T,75756
Coleford,X.K.C,34880
Styan,O.N.U.S,14515
Sloey,V.S,80412
Onraet,Y.U.O,68159
Govinlock,U.A.G,34772
Lindblom,V.L,28847
Abelson,W.M.A,98899
Derrett,B.D,85675
Antoniottii,P.I.A,67587
Burniston,G.B,48464
Seligson,X.S,69195
De,K.D,60727
Di,D.D,16470
Franks,X.F,14249
Hedderly,K.H,66935
Keely,K.M.K,41036
Du,K.M.D,65847
Chieco,I.G.C,04953
McKitterick,B.H.M,14173
Bowdery,F.P.Z.B,66078
Hammerich,W.I.T.H,07183
Handaside,X.D.D.H,74485
Hinchshaw,F.F.Q.H,25244
Yaxley,M.Y,36512
Dudmesh,F.E.D,39439
Scoffins,X.S,20381
Corday,M.C.C,12492
Giacubo,M.M.G,94807
Hackley,J.H,34989
Gallandre,M.G,12581
Franke,Z.R.F,87874
Rawcliffe,B.I.R,47562
Winterburn,F.W,17695
Borrow,L.B,42582
Favey,T.F,67798
Killingworth,M.K,86730
Belfrage,C.D.B,94975
Bollum,N.L.B,28671
Hards,E.H,31276
Sambles,O.S,23833
Johns,F.C.J,48035
Ezzell,E.X.S.E,34597
Alasdair,Z.M.A,22255
Gallety,N.A.G,05701
Lowell,I.Y.L,41124
Champain,G.C,52929
Orehead,U.O,11093
Dunton,D.D,02771
Paye,Z.V.P,91619
Ransome,I.R,97463
Pickett,S.P,92319
Belderfield,R.J.B,71144
Alway,X.G.A,19383
Vallery,Y.W.Y.V,56330
Gaynor,X.G,28883
Benedit,F.B,50679
Asser,S.W.A,79093
Hurll,Y.H,81466
Tunniclisse,G.K.Z.T,59070
Caban,U.C,40931
Arrault,I.G.A,90125
Claxson,Z.C,81389
Raun,Q.R,50979
Philson,F.P,71596
Karus,B.K,81030
Barden,Z.B,46551
Heliet,N.H,87047
Phin,I.M.P,72604
Willoughway,Y.W,63694
Seson,C.S,17633
MacNucator,U.D.M,61675
Penbarthy,L.Z.P,35402
Brecken,E.E.O.B,17141
Tod,D.L.T,46623
Boice,S.B,12152
Jelleman,O.B.J,88238
Okenden,I.O,92409
Bilyard,M.B,77859
Wride,R.W,20662
Brundall,M.X.Y.B,18312
Gooder,J.G,16956
Tupper,J.H.T,13068
Lippard,A.Y.L,36738
Bartens,R.G.B,97259
Geldeford,P.Y.G,45462
Fellis,E.A.F,63544
Bodicum,X.B,20589
Fiske,C.K.F,13753
Soot,D.S,36394
Balog,L.B,57854
Etridge,T.E,51763
Birrel,Z.B,76463
Esh,J.E,83564
Conyers,T.O.C,05915
Quartly,C.O.Q,49427
Massimi,B.K.M,28838
Boerderman,P.B.B,38258
Treadger,C.A.T,85649
Tape,N.T,67882
Gullick,W.G,11202
MacKerley,P.M,35632
McPhelim,L.M,21291
Studde,I.R.S,17205
Fowlestone,B.W.F,85760
Honnicott,R.H,79225
Treven,M.T,69985
Smedmore,G.L.S,34685
Ochterlony,S.N.O,25707
Robjohns,X.R,77246
Firmage,S.E.F,48724
Conring,S.K.C,78572
Kolakowski,X.Y.K,99420
Strodder,H.A.S,36620
Wettern,P.W,85544
Lenin,H.F.L,61925
Mayow,R.M,98342
Waite,A.B.W,95807
Higounet,O.S.H,96996
Karlqvist,B.W.Y.K,27716
Espasa,U.H.E,50202
M'Quharg,S.G.M,84494
Pigram,C.J.P,83074
Sherrell,O.S,58743
Fellon,T.L.F,46643
Zuann,B.Z,37423
Dunley,L.D,48466
Mallam,P.M,01523
Ettery,O.E,34480
Findlater,B.F,39835
Backshell,D.B,96178
Regardsoe,W.R,10753
Brisard,O.C.B,10476
Le,U.L,99991
Pucker,E.N.P,55625
Mabbe,C.F.M,41678
Kobiela,N.K,84406
Maynell,S.M,18064
Manvell,U.N.M,20992
Aldrich,Z.A,29851
Harefoot,T.H,45610
Robberecht,N.S.R,91640
Keaves,K.K,98464
Esplin,G.E,34590
Amy,T.A.A,15685
Newby,P.W.N,21343
O'Kenny,F.V.O,49528
Stamper,S.S,23143
Harrowsmith,D.H,39220
Mc,P.X.M,09181
O',T.C.O,37503
Budgeon,I.B,25464
Culy,K.I.C,45728
Bench,X.B,32652
Fardy,D.H.F,14961
Ollett,H.I.O,29149
Brosius,U.B,86579
Kibble,Z.K,75504
Haszard,D.R.H,67411
Busfield,J.B,08882
Affron,Z.H.A,78175
Nasey,M.N,87216
Tydd,O.T,69810
Tellenbach,U.Q.T,22864
Haffenden,L.H,83424
Trimble,P.T,55423
O'Brollachain,S.H.O,65319
Whitmore,W.J.L.W,39348
Brewse,B.B,78709
Muldowney,Z.J.J.M,29081
Gianotti,Z.B.G,58725
Guerreau,W.N.G,44069
Glavis,B.G,53235
Minguet,U.M,97300
Eplate,K.M.E,32792
Benda,I.Z.B,15209
Benini,I.A.B,82090
Keers,F.O.M.K,55295
Pickthorne,E.F.P,94458
Piatto,O.P,86878
Hassur,P.H,03465
Posthill,J.P,24794
Shelmardine,V.S,37465
Chidler,L.B.C,78632
Tilbury,J.X.T,96138
Vakhrushin,F.D.V,10897
Edmondson,T.D.E,50359
Burndred,W.I.I.B,04606
Sedgemond,D.Q.S,88875
Derry,K.V.D,35640
Agiolfinger,K.P.K.A,28131
Whardley,U.M.W,24091
Lilliman,E.A.L,56452
Ferreras,X.N.F,19617
Kunze,B.N.K,50034
Kubat,S.G.K,96482
Boucher,P.N.B,35362
Mellmer,T.M,92141
Linner,I.Y.J.L,01690
Ellul,C.E,97808
Nussii,J.F.V.N,69753
Kobus,J.K,93730
Comer,Q.C,15438
Gaunter,T.P.G,65266
Hattiff,D.H,48311
Guilliatt,Z.Y.P.G,25910
Sibbering,M.S,27908
Besque,O.P.B,45915
Riddiford,G.R,99573
Allibone,S.L.A,54195
Gravenall,J.S.G,80399
Brockhurst,C.B,21462
Woodall,Y.W,49487
Garaghan,J.I.G,10947
Gummoe,H.D.G,75020
Ocklin,Q.O,32358
Kingett,C.P.K,73514
Stanney,W.O.S,08996
Bullocke,L.B,26482
Broe,E.I.W.B,88122
Azam,Y.W.A,76340
Outibridge,E.L.O,93610
Cussen,O.C,85862
Denisovo,X.D,77804
Pyson,J.V.P,69888
Aland,L.W.A.A,46325
Redwall,T.R,47024
Heiss,Z.Z.H,53467
Morrallee,A.M,31905
Rudsdell,O.K.R,45015
Rennix,C.R,31171
Ham,P.H,50329
Christophe,P.C,42564
Kennewell,Z.K,45357
Labrom,J.L,83162
Wetton,L.T.P.W,25346
Orwin,G.A.O,01285
Duddan,Q.V.D,86566
Fanthom,F.X.F,96893
Brannon,B.B,25692
Taye,A.W.T,31135
Gillbey,C.K.G,55023
Biaggioli,S.B,97075
Checcucci,P.O.H.C,04023
Haldene,U.H,06445
Larenson,E.L,81366
Tuite,O.F.T,02817
Blei,L.B,62983
Maps,B.M,05176
Ramsdell,U.R,19515
Duffy,B.Z.D,60799
Servante,P.S,90551
Ridout,V.X.R,35779
Slocumb,V.S,45163
Langsbury,T.L,36088
Battin,G.B,19668
Sandon,P.S,48886
Rymer,Y.M.R,33759
Layson,W.L,97510
Bonnet,U.B,05771
Sidsaff,G.S,21144
Skiggs,U.R.S,68342
Hulle,H.Z.H,64845
Reignolds,U.R,06804
Zorzini,J.V.Z,44332
Fell,J.K.F,89524
Burnhill,W.U.B,86125
Verlinden,I.X.V,98568
Willshee,G.I.W,74201
Anthes,Z.A,18153
Badsworth,K.B,11273
Turrill,D.T,00195
Jordeson,O.J,19935
Grgic,Q.L.G,60195
Abbati,R.A,94470
Rigler,Q.G.R,01928
Taysbil,Z.W.T,46376
Hartgill,F.H,93345
Grassin,R.Q.G,80267
Gowland,X.G.G,47031
Leggott,G.A.L,22848
Maceur,M.H.M,43006
Eddleston,Y.V.E,61085
Mussen,A.C.M,64615
Derell,Q.A.D,17110
Newcom,Z.O.N,38137
Rennocks,P.R,01030
Gouny,F.G,34565
MacKettrick,E.M,90506
Wolford,O.W,51674
Patnelli,V.P,82760
Mastrantone,M.M,54406
Toppas,E.T,03460
Scollick,C.X.S,46293
Barbier,D.Y.B,01123
Breslauer,I.E.B,88755
Wenden,W.O.W,11438
Garnett,Y.H.G,75920
Summerly,C.S,77297
Geroldi,Q.G,03423
Fallis,E.C.F,10900
Fortune,W.H.F,39394
Normaville,F.S.N,09040
Matous,H.F.V.M,98043
MacGlory,M.X.M,74654
Hember,N.L.H,84841
Karslake,E.O.K,15391
Sambrook,S.S,13122
Gilder,X.R.G,50379
Taudevin,C.T,92119
Shark,T.Y.S,62008
Courtes,Y.Y.R.C,23012
Houseman,V.N.H,17299
Elleyne,T.E,36994
Tomicki,N.T,71676
Buckett,K.D.B,05525
Depport,Z.H.D,03975
Byres,V.B,85788
MacLure,P.Y.M,96990
Brun,N.J.B,39339
Grint,M.L.G,01272
Ferrick,X.F,88485
Croson,P.C,04999
Leadley,R.L,88246
Haddrell,V.H,20997
Golsworthy,X.G,09188
Aleevy,J.A,41085
Manzell,H.W.M,25007
Clifford,I.C,05688
Piggott,C.P,80043
Hasted,L.F.H,40571
Lambert,E.F.L,91336
Fredi,Z.X.F,01200
Colt,L.C,18934
Dawidman,T.K.D,51790
Gowthrop,H.W.G,85688
Skurm,Y.S,47430
Fullerlove,M.P.F,93416
Grunwall,K.G,59614
Bricket,O.Z.B,16125
Ouver,J.O,95009
Lintall,V.F.L,42805
Yantsurev,N.Y,22728
Macilhench,O.M,41518
Pierucci,H.G.P,20691
McAsgill,I.E.M,57644
Domerq,T.A.D,75471
Ikins,Z.U.I,66328
Nekrews,D.N,84678
Lumby,U.B.L,16396
Ashdown,C.L.A,31166
Jeppe,R.J,83657
Haggett,P.C.H,14451
Rizzardi,S.R,59955
Jina,B.J,03927
Shovlar,A.S,79697
Weldon,F.W,63596
Fer,M.F,72091
Devoy,S.D,68813
Speak,F.I.S,00671
Ingerfield,H.N.I,29580
Plows,K.P,82255
Mirfin,S.A.S.M,43216
Burnard,U.M.B,94533
Trattles,L.T,24936
Borless,P.B,32710
Grace,Z.Q.G,89152
Ablott,T.Y.A,93741
Wealthall,B.W,48648
Shank,I.S,02049
Bernini,H.B,15848
Dinjes,E.D,66013
Dowse,O.D,26868
Ottewell,Q.Q.C.O,34228
Rains,C.U.R,80308
Massy,M.S.M,40515
Glaum,B.G,16445
Boylin,L.B,28821
Eliasen,Z.C.E,75425
Storrar,W.U.S,14352
Deely,F.D,32608
Kinig,Z.K,58294
Tortoise,L.J.T,30091
Storrah,N.T.S,11864
Adamowitz,Y.A,43369
Tropman,B.W.T,37192
Tremonte,B.V.T,23419
Caesman,A.T.M.C,51060
Noon,J.N.I.N,35866
Derrick,F.D.D,19538
Orry,O.O,78086
Hiddsley,I.H,38151
Kmietsch,F.S.K,22229
Auton,S.E.R.A,79584
Coldtart,O.C,42144
Frodsam,O.H.F,20843
Caney,O.T.C,86826
Lorait,R.O.L,85539
Stockford,G.W.S,92662
McDonell,X.K.M,35123
Batchelor,F.B,72049
Clavey,Q.C,69494
Moodie,Q.M,91228
Everleigh,Q.E,21726
Whatsize,K.B.W,98287
Hartrick,A.H,29448
Torritti,S.W.T,74356
Rowan,S.N.R,97822
Warner,H.R.N.W,01136
Ladon,Y.M.L,38869
Gibbonson,F.W.G,70979
Greasley,Q.G,83844
Raittie,H.R,73151
Gonzalo,Z.G,32704
Gurg,T.V.G,81561
Woller,R.X.W,68429
Menichini,A.K.M,38435
Bayldon,Q.B,73011
Caddies,H.C,03550
Vidineev,X.V,03259
Crosi,K.S.S.C,06978
Presdee,N.P,11747
Purnell,Q.P,63088
Troman,C.T,32172
Chesman,F.E.C,73594
Fann,T.F,77234
Gullen,F.C.N.G,33512
Weathey,R.W,81316
Pether,L.N.R.P,97217
Laughlan,C.J.L,12825
Heatherington,X.H.H,23421
Crier,H.E.M.C,03434
McLachlan,M.M,96462
Hairsnape,D.E.H,19420
Carik,T.V.C,47244
Androlli,E.Q.A,96010
Witherington,H.U.W,49004
Bayford,R.B,62822
Barrick,N.B,38858
Slyford,M.F.S,30153
Yushmanov,K.N.Y,37507
Suatt,A.S,00632
Uphill,M.T.U,67807
Chatt,P.Y.C,51094
Roblett,U.A.V.R,23350
Pollicote,U.P,37327
Cowie,S.G.C,17032
Adamczyk,U.A,52780
Ruxton,G.R,20163
Sollom,L.S,94460
Slocomb,T.S,82585
Walcar,I.Y.W,26742
Henriques,V.T.H,18648
Reedy,E.R,28579
Rachuig,X.R,02784
Stote,O.M.S,84044
Jurkiewicz,F.T.J,61143
Croot,T.Y.C,59984
Hartegan,X.H,45572
Sey,Z.S,07389
Dudney,Z.D,15515
Leguey,J.N.L,47468
McGuiney,G.M,46113
Lehon,P.S.L,56248
Rickersey,I.R,26725
Corten,M.O.C,38108
Essam,I.X.E,55155
Dalrymple,G.D,17893
Fass,Q.F,51632
Hamm,K.H,53306
Lendon,G.L,66998
Philpot,E.P,33947
Bucknell,W.B,69986
Rowles,D.E.P.R,14334
Ivashin,H.A.I,41172
Aire,F.V.A,47790
Posselt,E.P,91039
Morit,Y.N.M,48266
Rosel,Y.R,69735
Stiebler,T.M.S,91894
Skudder,F.W.S,32957
Ovendon,C.U.O,43834
Loren,J.L,16765
Biesterfeld,T.V.B,47563
Carnaman,Q.C,97891
Berndsen,S.X.B,99015
Fillgate,D.F,80195
Gothard,Z.G,30453
Hischke,G.G.H,68705
de,V.d,07210
Cheyney,G.C,88996
Gallahar,Z.W.L.G,35467
Yitzovitz,Y.E.Y,14905
Drife,L.D,83178
Westgarth,G.H.W,49521
Carver,D.C,54354
Ellam,B.E,80746
Fansy,W.A.F,39946
Lalonde,D.L,00756
Langman,O.H.L,37534
Sans,G.I.S,44116
Dodds,D.D,65204
Neem,B.N,84449
Ebdon,W.E,36312
Hearle,K.P.H,27373
Roffe,R.R,60304
Woodison,Q.W,43876
Taylot,B.T,43223
Richings,F.R,34252
Elcom,G.E,62344
Piel,I.J.P,63627
Vankin,F.V,61040
Reijmers,M.O.E.R,07527
Kennifeck,U.V.K,08629
Melanaphy,B.M,46111
Gylle,U.G,13614
Filimore,F.H.F,70278
Sigfrid,S.S,58028
Ashwin,J.A,93871
Robrose,C.R,04911
Rouby,E.R,71940
Elsbury,G.J.E,06558
Kasparski,L.X.H.K,85473
Hurling,D.P.H,41340
Mattiello,K.M,42259
Noblet,F.N,96251
Perell,W.E.P,81393
Devonport,O.D,80612
McLellan,O.M,81355
Perche,T.P,83916
Rossey,Y.D.R,23883
Glyne,S.G,72415
Rohlf,M.R,90563
Adacot,R.A,80702
Fenix,A.J.F,63560
Novotni,V.I.N,24208
McCree,Y.M,28759
Clowes,S.C,33473
Matejic,K.D.Z.M,89058
Clunan,P.H.C,20404
Broome,O.P.B,19168
Fenemore,I.M.F,38142
Tute,M.T,01203
Lakey,Z.F.L,73095
Matthaus,N.O.M,07684
Vassbender,D.F.V,47301
Ferro,A.J.F,95286
Kesey,T.K,70679
Bastick,R.M.B,83168
Garraway,G.X.G,64136
Farnill,S.D.F,94636
Ridgway,W.U.R,97786
Devas,K.S.D,51373
Gritskov,W.G,12052
Strathe,X.O.S,19705
Shillinglaw,Y.O.S,74432
Abisetti,W.A,20530
Thurby,C.L.T,33742
Monkman,B.M,46099
Trinke,F.L.T,09874
Kleinzweig,U.X.S.K,98722
Rushbrook,H.R,58926
Izak,L.Y.I,66613
Clancy,A.U.C,04678
Saltrese,U.D.S,64244
Elcombe,F.E,96162
Hubble,T.I.H,21233
McKissack,C.M,94301
Hessing,L.X.H,07929
Scard,N.J.S,47316
Richold,S.R,10749
Speers,D.I.S,79767
Castellani,X.C,05829
Bantham,E.B,63107
Catford,O.C,91059
Bellingham,W.B,02440
Yegorshin,Z.A.Y,37148
Tidswell,I.T,93304
Brotherhead,J.M.B,07108
Randalson,M.H.R,27565
Caras,H.C,49693
Yonnie,N.Y,26686
Mowday,J.K.M,77877
Snufflebottom,R.M.I.S,24841
Rotlauf,I.Z.R,35024
Augustin,M.G.A,99791
Biskup,I.B,00603
Prott,S.V.C.P,39869
Marquez,Z.M,53829
Nunan,O.P.N.N,88549
Iglesias,F.K.I,57637
Peaddie,G.O.P,21335
Hursthouse,N.V.H,26948
Gayther,Y.D.L.G,01055
Curtois,E.U.C,66758
Foort,O.F,18782
Allison,D.A,56939
Ashleigh,F.A,34558
Skillanders,C.P.S,44702
Etienne,L.O.E,23087
Clappson,T.C,99328
Bowditch,H.B,81665
Kerans,Y.K,68974
Heeron,Q.H,17678
O'Sherrin,O.D.O,32796
Leneham,D.H.L,04273
Findlay,W.F.F,13846
McCarron,D.M,09304
Loddon,A.L,00535
Allsop,A.A,20554
Mulvagh,X.D.M,23851
Clows,X.C,00915
Figgen,R.F,66958
Lindwasser,D.X.A.L,80590
Hawkswell,P.V.H,22441
Coulthart,E.E.X.C,07439
Thursby,I.C.T,66414
Tice,Z.T,43046
Glanton,A.D.J.G,40441
Gifkins,J.E.G,47423
Twamley,Z.T,77133
Bostock,T.B,97540
Gleave,U.Q.G,21298
Spilsbury,H.S,53917
Ambroz,V.V.A,53279
Phare,Y.Q.P,38057
Lait,Z.L,43713
Meakin,J.M,46503
Yukhtin,M.T.Y,63648
Treverton,Z.T,49828
Pedracci,M.P,48371
Drysdale,P.D,78039
Rivett,G.E.P.R,53079
Scambler,Q.B.E.S,46271
Sharpless,M.L.S,47448
Rushton,S.R,51009
Fauning,Z.U.F,07206
Maior,Y.I.C.M,27593
Bodd,V.J.B,28398
McGraffin,P.O.W.M,92373
Idell,W.Z.I,44755
Lutwyche,L.A.L,10746
Messenbird,V.M,36553
Streatley,Y.Q.H.S,31264
Eckery,K.E,80106
Szwandt,W.M.S,50580
Poppleton,H.E.P,61524
Venners,X.V,18012
Bowmaker,Z.C.B,98421
Stopford,H.S,43983
Cowdrey,C.C,86291
Crim,G.V.C,56286
Dunnico,A.D,77715
Danton,V.I.D,82705
Marnane,H.M,58770
Corking,E.K.C,00215
Boscott,B.B,79340
Levington,T.O.L,03738
Chaff,H.B.O.C,54841
Hucknall,A.H,91326
Klimus,N.W.W.K,13567
Pittwood,Q.C.P,42223
Macconachy,S.C.M,38653
Jakes,M.H.V.J,28440
Habben,R.C.S.H,57577
Bury,Y.D.B,70725
Sallnow,L.U.V.S,06116
Whopples,E.H.W,45135
Audenis,M.A,52831
Deackes,E.D,90176
Brabbins,R.E.Z.B,08384
Keble,A.K,45708
Hugill,Z.U.H,45618
Carayol,U.C.C,88426
Egglestone,B.E,01311
Riccione,V.J.R,04205
Wrankling,I.F.W,39668
Petyankin,L.P,69937
Flippelli,P.Q.F,18149
Lauritsen,Z.L,48000
Crayden,C.C,29953
Origin,S.O,24169
Knudsen,R.K,24219
Tydeman,G.M.F.T,90400
Tierny,F.E.I.T,40119
McCaughey,P.M,43039
Sloy,J.G.R.S,57009
Coleborn,H.Q.A.C,28418
Tomley,O.T,86642
Amner,P.O.A,54903
Azema,V.A,24456
Ruddy,P.R,06761
Delves,B.D,29811
Dahlgren,N.P.P.D,26170
Clemens,Q.T.C,59090
Royl,B.R,27007
Pace,T.P,45315
McGeechan,B.G.M,60614
Sentance,O.W.G.S,40377
Rigbye,H.L.R,08225
Duny,F.U.D,05465
Gremane,B.G,56700
Fackney,H.B.F,72016
Palliser,T.Y.P,01346
Isaaksohn,G.M.I,01820
Swindle,G.S,97305
Worge,Z.W,00410
Philipsson,L.V.D.P,42803
Bartleet,N.B,26766
Camps,U.C,54248
Strutz,Y.Y.S,01060
Boneham,H.W.B,36219
Blick,V.B,09753
Hollyman,W.Y.B.H,49177
Narramor,G.F.N,39084
Meltetal,L.T.S.M,18234
Bernard,O.D.B,35927
Flucker,I.F,14252
Mouget,Z.M,10061
McAleese,A.G.M,65279
Gaines,L.I.G,53487
Lant,N.C.L,77527
Spriggin,K.V.P.S,98438
Haylands,Y.H,55167
Leades,G.L,45727
Fludgate,N.F,76624
Barkway,R.T.B,07680
Ropking,R.R,43725
Latour,O.L.L,48550
Jones,C.M.J,73548
Spawton,O.F.S,21674
Fraczak,K.Q.F,35324
Juster,M.J,05239
Mounsie,R.M,58097
Bum,Y.B,92791
Tout,Y.T,41061
Collishaw,U.W.C,58410
Josskowitz,Y.M.J,63386
Iltchev,J.I,35249
Rowter,H.M.D.R,95401
Cluatt,H.C,47953
Hinckley,K.H,35464
Toulson,B.H.T,42355
Burtwistle,H.N.V.B,53741
Ravilus,Y.A.R,02191
Eilhart,Q.E,32795
Macek,F.I.M,83941
Gorey,S.Y.A.G,31741
Benbrick,P.B,17211
Kier,D.C.K,22108
Gerrell,Z.G.F.G,94447
Ranaghan,Z.R,89255
Olliff,Y.O,32485
Pancast,K.O.P,39197
Matzaitis,U.G.M,56247
Lemon,O.T.L,05168
Traill,O.T,49418
Walesa,E.W,65745
Riveles,Z.Z.R,11487
Martellini,H.H.M,65574
Huff,X.H,82770
Hadye,I.H,53026
Durnill,J.L.D,79393
Wase,T.J.W,00937
Simper,P.T.S,40691
Trymme,V.L.T,09917
Flavelle,H.G.F,12406
Mole,B.C.M,82610
Roslen,P.T.R,06599
Sandercroft,U.S,19344
Billows,L.S.B,88827
Crossingham,G.A.U.C,08164
Common,D.O.C,16482
Sinfield,B.S,95072
Thompsett,J.W.T,86160
Downing,M.D.D,63192
Purver,J.P,70585
Cammell,N.J.C,97662
Lefeaver,O.L,31563
Watt,N.W,86791
Stride,I.S,64858
Lamont,Y.M.O.L,79650
Tatershall,N.I.T,34711
Tather,T.R.T,28625
Greg,G.U.N.G,35406
Peace,C.D.P,99972
Blabie,G.H.B,69246
Milbourn,Y.C.M,17467
MacGiany,B.Z.P.M,36015
Doniso,X.D,34043
Sessuns,L.S,75665
Streetfield,D.B.F.S,79327
Forde,D.U.O.F,06662
Gaenor,J.G,94066
Quinnelly,W.D.Q,24450
Welsh,S.W,79351
Igo,C.G.I,43794
Sannes,Y.S,16818
Beange,U.B,36408
Menguy,S.H.M,32217
Manthorpe,R.A.M,82971
Soares,W.H.N.S,38874
Cranmere,T.C,01606
Craighall,S.C,79963
Pulley,J.H.P,68781
Spawell,U.S,60199
Yapp,J.W.Y.Y,87335
Van,H.C.V,09112
Droogan,E.F.D,32337
Wilstead,B.W,59981
Maffetti,G.L.M,76417
Stanworth,I.S,61481
Umney,R.U,51739
Brayshay,H.X.B,77712
Petters,V.P,07082
Kevlin,P.J.K,90673
Hender,Q.J.H,83362
Klemke,C.H.K,51465
Itzkovwitch,H.I,02450
Temperton,W.T,02868
Arnot,F.A,97440
Ramshaw,C.R,53340
Eake,G.E,87667
Bartoszek,U.T.B,77557
Mecco,E.M,27823
Knobell,N.K,98612
Charlo,H.O.C,29625
Bricknall,B.Q.B,29990
Cottham,V.F.C,16764
Hampe,N.H,48884
Larmor,W.W.K.L,05456
Hutchason,S.H,52420
Szymonwicz,I.J.S,90638
Vowells,S.V,90003
Dalbey,T.J.D,38365
Simoens,N.V.S,80264
Sumpner,R.M.S,39424
Claiton,H.T.C,46244
Larose,B.M.L,00999
Braine,I.X.B,60883
Baillie,B.B,46486
Deinhard,O.N.D,82878
Matteoni,R.M,98122
Whybrow,A.X.V.W,57897
Saunt,E.J.S,88061
Fishly,L.F,76131
Mattevi,U.M,27709
Donaho,O.D,16945
Hugland,U.H,35337
Mechi,N.E.R.M,54111
Ivatts,W.I,76648
Greenman,E.G,96958
Matthewes,A.Y.M,84856
Gair,M.C.G,02045
Poundford,C.V.P,03136
Hannaway,C.Y.H,50603
Shannon,Y.S,82702
McCaffrey,S.Z.M,96963
Chalfain,J.O.Q.C,54358
Szymanek,J.Q.S,84008
Winfrey,L.Q.W,93655
Munns,C.M,20518
Deplacido,A.J.D,05575
Lucus,P.V.L,69142
Domb,Y.L.D,26498
Palle,I.P,88535
Ealles,O.E,19079
Donkersley,E.D,63175
Eyeington,F.L.E,35187
Santhouse,F.R.S,97008
Peers,J.P,93941
Cicculini,U.M.H.C,14256
O'Scollee,D.O,75619
Atmore,K.A.A,53113
Grimsdale,Q.H.G,98429
Ledwitch,T.D.L,03947
Punter,Y.P,54074
Yushankin,I.R.Y,67845
Headings,G.I.H,58037
Mangan,Q.F.M,19089
McQuarrie,X.N.M,83312
Natt,W.N,07707
Willshire,G.W,39535
Kimm,M.F.K,57737
MacMaykin,N.M,59480
Froggatt,X.F,60070
Mustoo,Q.M,55165
Eliaz,V.E,45914
Beckerleg,L.B,01543
Donnel,H.F.D,66455
Pearcehouse,O.P,55406
Warsop,N.W.W,08568
Boschmann,B.W.B,06406
Sabey,F.G.S,39998
Bradforth,G.S.B,21945
Earp,B.E,38977
Andrivot,R.I.A,79655
Fursse,Y.M.F,85411
McGaraghan,E.S.M,37528
Gookey,A.I.G,54215
Strike,J.O.S,13739
Meachem,R.M,06745
Ion,T.I,66647
Gookes,S.G,77767
Raffels,Y.Z.R,39585
Skitt,Z.Y.S,58851
Filippyev,Z.Q.F,95999
Allerton,Z.A.A,22429
Morrall,S.L.M,73815
Elletson,R.S.E,20938
Dufour,T.O.D,16262
